time_id,hour,part_of_day,time,minute
1,0,night,00:00:00,0
2,0,night,00:01:00,1
3,0,night,00:02:00,2
4,0,night,00:03:00,3
5,0,night,00:04:00,4
6,0,night,00:05:00,5
7,0,night,00:06:00,6
8,0,night,00:07:00,7
9,0,night,00:08:00,8
10,0,night,00:09:00,9
11,0,night,00:10:00,10
12,0,night,00:11:00,11
13,0,night,00:12:00,12
14,0,night,00:13:00,13
15,0,night,00:14:00,14
16,0,night,00:15:00,15
17,0,night,00:16:00,16
18,0,night,00:17:00,17
19,0,night,00:18:00,18
20,0,night,00:19:00,19
21,0,night,00:20:00,20
22,0,night,00:21:00,21
23,0,night,00:22:00,22
24,0,night,00:23:00,23
25,0,night,00:24:00,24
26,0,night,00:25:00,25
27,0,night,00:26:00,26
28,0,night,00:27:00,27
29,0,night,00:28:00,28
30,0,night,00:29:00,29
31,0,night,00:30:00,30
32,0,night,00:31:00,31
33,0,night,00:32:00,32
34,0,night,00:33:00,33
35,0,night,00:34:00,34
36,0,night,00:35:00,35
37,0,night,00:36:00,36
38,0,night,00:37:00,37
39,0,night,00:38:00,38
40,0,night,00:39:00,39
41,0,night,00:40:00,40
42,0,night,00:41:00,41
43,0,night,00:42:00,42
44,0,night,00:43:00,43
45,0,night,00:44:00,44
46,0,night,00:45:00,45
47,0,night,00:46:00,46
48,0,night,00:47:00,47
49,0,night,00:48:00,48
50,0,night,00:49:00,49
51,0,night,00:50:00,50
52,0,night,00:51:00,51
53,0,night,00:52:00,52
54,0,night,00:53:00,53
55,0,night,00:54:00,54
56,0,night,00:55:00,55
57,0,night,00:56:00,56
58,0,night,00:57:00,57
59,0,night,00:58:00,58
60,0,night,00:59:00,59
61,1,night,01:00:00,0
62,1,night,01:01:00,1
63,1,night,01:02:00,2
64,1,night,01:03:00,3
65,1,night,01:04:00,4
66,1,night,01:05:00,5
67,1,night,01:06:00,6
68,1,night,01:07:00,7
69,1,night,01:08:00,8
70,1,night,01:09:00,9
71,1,night,01:10:00,10
72,1,night,01:11:00,11
73,1,night,01:12:00,12
74,1,night,01:13:00,13
75,1,night,01:14:00,14
76,1,night,01:15:00,15
77,1,night,01:16:00,16
78,1,night,01:17:00,17
79,1,night,01:18:00,18
80,1,night,01:19:00,19
81,1,night,01:20:00,20
82,1,night,01:21:00,21
83,1,night,01:22:00,22
84,1,night,01:23:00,23
85,1,night,01:24:00,24
86,1,night,01:25:00,25
87,1,night,01:26:00,26
88,1,night,01:27:00,27
89,1,night,01:28:00,28
90,1,night,01:29:00,29
91,1,night,01:30:00,30
92,1,night,01:31:00,31
93,1,night,01:32:00,32
94,1,night,01:33:00,33
95,1,night,01:34:00,34
96,1,night,01:35:00,35
97,1,night,01:36:00,36
98,1,night,01:37:00,37
99,1,night,01:38:00,38
100,1,night,01:39:00,39
101,1,night,01:40:00,40
102,1,night,01:41:00,41
103,1,night,01:42:00,42
104,1,night,01:43:00,43
105,1,night,01:44:00,44
106,1,night,01:45:00,45
107,1,night,01:46:00,46
108,1,night,01:47:00,47
109,1,night,01:48:00,48
110,1,night,01:49:00,49
111,1,night,01:50:00,50
112,1,night,01:51:00,51
113,1,night,01:52:00,52
114,1,night,01:53:00,53
115,1,night,01:54:00,54
116,1,night,01:55:00,55
117,1,night,01:56:00,56
118,1,night,01:57:00,57
119,1,night,01:58:00,58
120,1,night,01:59:00,59
121,2,night,02:00:00,0
122,2,night,02:01:00,1
123,2,night,02:02:00,2
124,2,night,02:03:00,3
125,2,night,02:04:00,4
126,2,night,02:05:00,5
127,2,night,02:06:00,6
128,2,night,02:07:00,7
129,2,night,02:08:00,8
130,2,night,02:09:00,9
131,2,night,02:10:00,10
132,2,night,02:11:00,11
133,2,night,02:12:00,12
134,2,night,02:13:00,13
135,2,night,02:14:00,14
136,2,night,02:15:00,15
137,2,night,02:16:00,16
138,2,night,02:17:00,17
139,2,night,02:18:00,18
140,2,night,02:19:00,19
141,2,night,02:20:00,20
142,2,night,02:21:00,21
143,2,night,02:22:00,22
144,2,night,02:23:00,23
145,2,night,02:24:00,24
146,2,night,02:25:00,25
147,2,night,02:26:00,26
148,2,night,02:27:00,27
149,2,night,02:28:00,28
150,2,night,02:29:00,29
151,2,night,02:30:00,30
152,2,night,02:31:00,31
153,2,night,02:32:00,32
154,2,night,02:33:00,33
155,2,night,02:34:00,34
156,2,night,02:35:00,35
157,2,night,02:36:00,36
158,2,night,02:37:00,37
159,2,night,02:38:00,38
160,2,night,02:39:00,39
161,2,night,02:40:00,40
162,2,night,02:41:00,41
163,2,night,02:42:00,42
164,2,night,02:43:00,43
165,2,night,02:44:00,44
166,2,night,02:45:00,45
167,2,night,02:46:00,46
168,2,night,02:47:00,47
169,2,night,02:48:00,48
170,2,night,02:49:00,49
171,2,night,02:50:00,50
172,2,night,02:51:00,51
173,2,night,02:52:00,52
174,2,night,02:53:00,53
175,2,night,02:54:00,54
176,2,night,02:55:00,55
177,2,night,02:56:00,56
178,2,night,02:57:00,57
179,2,night,02:58:00,58
180,2,night,02:59:00,59
181,3,night,03:00:00,0
182,3,night,03:01:00,1
183,3,night,03:02:00,2
184,3,night,03:03:00,3
185,3,night,03:04:00,4
186,3,night,03:05:00,5
187,3,night,03:06:00,6
188,3,night,03:07:00,7
189,3,night,03:08:00,8
190,3,night,03:09:00,9
191,3,night,03:10:00,10
192,3,night,03:11:00,11
193,3,night,03:12:00,12
194,3,night,03:13:00,13
195,3,night,03:14:00,14
196,3,night,03:15:00,15
197,3,night,03:16:00,16
198,3,night,03:17:00,17
199,3,night,03:18:00,18
200,3,night,03:19:00,19
201,3,night,03:20:00,20
202,3,night,03:21:00,21
203,3,night,03:22:00,22
204,3,night,03:23:00,23
205,3,night,03:24:00,24
206,3,night,03:25:00,25
207,3,night,03:26:00,26
208,3,night,03:27:00,27
209,3,night,03:28:00,28
210,3,night,03:29:00,29
211,3,night,03:30:00,30
212,3,night,03:31:00,31
213,3,night,03:32:00,32
214,3,night,03:33:00,33
215,3,night,03:34:00,34
216,3,night,03:35:00,35
217,3,night,03:36:00,36
218,3,night,03:37:00,37
219,3,night,03:38:00,38
220,3,night,03:39:00,39
221,3,night,03:40:00,40
222,3,night,03:41:00,41
223,3,night,03:42:00,42
224,3,night,03:43:00,43
225,3,night,03:44:00,44
226,3,night,03:45:00,45
227,3,night,03:46:00,46
228,3,night,03:47:00,47
229,3,night,03:48:00,48
230,3,night,03:49:00,49
231,3,night,03:50:00,50
232,3,night,03:51:00,51
233,3,night,03:52:00,52
234,3,night,03:53:00,53
235,3,night,03:54:00,54
236,3,night,03:55:00,55
237,3,night,03:56:00,56
238,3,night,03:57:00,57
239,3,night,03:58:00,58
240,3,night,03:59:00,59
241,4,night,04:00:00,0
242,4,night,04:01:00,1
243,4,night,04:02:00,2
244,4,night,04:03:00,3
245,4,night,04:04:00,4
246,4,night,04:05:00,5
247,4,night,04:06:00,6
248,4,night,04:07:00,7
249,4,night,04:08:00,8
250,4,night,04:09:00,9
251,4,night,04:10:00,10
252,4,night,04:11:00,11
253,4,night,04:12:00,12
254,4,night,04:13:00,13
255,4,night,04:14:00,14
256,4,night,04:15:00,15
257,4,night,04:16:00,16
258,4,night,04:17:00,17
259,4,night,04:18:00,18
260,4,night,04:19:00,19
261,4,night,04:20:00,20
262,4,night,04:21:00,21
263,4,night,04:22:00,22
264,4,night,04:23:00,23
265,4,night,04:24:00,24
266,4,night,04:25:00,25
267,4,night,04:26:00,26
268,4,night,04:27:00,27
269,4,night,04:28:00,28
270,4,night,04:29:00,29
271,4,night,04:30:00,30
272,4,night,04:31:00,31
273,4,night,04:32:00,32
274,4,night,04:33:00,33
275,4,night,04:34:00,34
276,4,night,04:35:00,35
277,4,night,04:36:00,36
278,4,night,04:37:00,37
279,4,night,04:38:00,38
280,4,night,04:39:00,39
281,4,night,04:40:00,40
282,4,night,04:41:00,41
283,4,night,04:42:00,42
284,4,night,04:43:00,43
285,4,night,04:44:00,44
286,4,night,04:45:00,45
287,4,night,04:46:00,46
288,4,night,04:47:00,47
289,4,night,04:48:00,48
290,4,night,04:49:00,49
291,4,night,04:50:00,50
292,4,night,04:51:00,51
293,4,night,04:52:00,52
294,4,night,04:53:00,53
295,4,night,04:54:00,54
296,4,night,04:55:00,55
297,4,night,04:56:00,56
298,4,night,04:57:00,57
299,4,night,04:58:00,58
300,4,night,04:59:00,59
301,5,night,05:00:00,0
302,5,night,05:01:00,1
303,5,night,05:02:00,2
304,5,night,05:03:00,3
305,5,night,05:04:00,4
306,5,night,05:05:00,5
307,5,night,05:06:00,6
308,5,night,05:07:00,7
309,5,night,05:08:00,8
310,5,night,05:09:00,9
311,5,night,05:10:00,10
312,5,night,05:11:00,11
313,5,night,05:12:00,12
314,5,night,05:13:00,13
315,5,night,05:14:00,14
316,5,night,05:15:00,15
317,5,night,05:16:00,16
318,5,night,05:17:00,17
319,5,night,05:18:00,18
320,5,night,05:19:00,19
321,5,night,05:20:00,20
322,5,night,05:21:00,21
323,5,night,05:22:00,22
324,5,night,05:23:00,23
325,5,night,05:24:00,24
326,5,night,05:25:00,25
327,5,night,05:26:00,26
328,5,night,05:27:00,27
329,5,night,05:28:00,28
330,5,night,05:29:00,29
331,5,night,05:30:00,30
332,5,night,05:31:00,31
333,5,night,05:32:00,32
334,5,night,05:33:00,33
335,5,night,05:34:00,34
336,5,night,05:35:00,35
337,5,night,05:36:00,36
338,5,night,05:37:00,37
339,5,night,05:38:00,38
340,5,night,05:39:00,39
341,5,night,05:40:00,40
342,5,night,05:41:00,41
343,5,night,05:42:00,42
344,5,night,05:43:00,43
345,5,night,05:44:00,44
346,5,night,05:45:00,45
347,5,night,05:46:00,46
348,5,night,05:47:00,47
349,5,night,05:48:00,48
350,5,night,05:49:00,49
351,5,night,05:50:00,50
352,5,night,05:51:00,51
353,5,night,05:52:00,52
354,5,night,05:53:00,53
355,5,night,05:54:00,54
356,5,night,05:55:00,55
357,5,night,05:56:00,56
358,5,night,05:57:00,57
359,5,night,05:58:00,58
360,5,night,05:59:00,59
361,6,morning,06:00:00,0
362,6,morning,06:01:00,1
363,6,morning,06:02:00,2
364,6,morning,06:03:00,3
365,6,morning,06:04:00,4
366,6,morning,06:05:00,5
367,6,morning,06:06:00,6
368,6,morning,06:07:00,7
369,6,morning,06:08:00,8
370,6,morning,06:09:00,9
371,6,morning,06:10:00,10
372,6,morning,06:11:00,11
373,6,morning,06:12:00,12
374,6,morning,06:13:00,13
375,6,morning,06:14:00,14
376,6,morning,06:15:00,15
377,6,morning,06:16:00,16
378,6,morning,06:17:00,17
379,6,morning,06:18:00,18
380,6,morning,06:19:00,19
381,6,morning,06:20:00,20
382,6,morning,06:21:00,21
383,6,morning,06:22:00,22
384,6,morning,06:23:00,23
385,6,morning,06:24:00,24
386,6,morning,06:25:00,25
387,6,morning,06:26:00,26
388,6,morning,06:27:00,27
389,6,morning,06:28:00,28
390,6,morning,06:29:00,29
391,6,morning,06:30:00,30
392,6,morning,06:31:00,31
393,6,morning,06:32:00,32
394,6,morning,06:33:00,33
395,6,morning,06:34:00,34
396,6,morning,06:35:00,35
397,6,morning,06:36:00,36
398,6,morning,06:37:00,37
399,6,morning,06:38:00,38
400,6,morning,06:39:00,39
401,6,morning,06:40:00,40
402,6,morning,06:41:00,41
403,6,morning,06:42:00,42
404,6,morning,06:43:00,43
405,6,morning,06:44:00,44
406,6,morning,06:45:00,45
407,6,morning,06:46:00,46
408,6,morning,06:47:00,47
409,6,morning,06:48:00,48
410,6,morning,06:49:00,49
411,6,morning,06:50:00,50
412,6,morning,06:51:00,51
413,6,morning,06:52:00,52
414,6,morning,06:53:00,53
415,6,morning,06:54:00,54
416,6,morning,06:55:00,55
417,6,morning,06:56:00,56
418,6,morning,06:57:00,57
419,6,morning,06:58:00,58
420,6,morning,06:59:00,59
421,7,morning,07:00:00,0
422,7,morning,07:01:00,1
423,7,morning,07:02:00,2
424,7,morning,07:03:00,3
425,7,morning,07:04:00,4
426,7,morning,07:05:00,5
427,7,morning,07:06:00,6
428,7,morning,07:07:00,7
429,7,morning,07:08:00,8
430,7,morning,07:09:00,9
431,7,morning,07:10:00,10
432,7,morning,07:11:00,11
433,7,morning,07:12:00,12
434,7,morning,07:13:00,13
435,7,morning,07:14:00,14
436,7,morning,07:15:00,15
437,7,morning,07:16:00,16
438,7,morning,07:17:00,17
439,7,morning,07:18:00,18
440,7,morning,07:19:00,19
441,7,morning,07:20:00,20
442,7,morning,07:21:00,21
443,7,morning,07:22:00,22
444,7,morning,07:23:00,23
445,7,morning,07:24:00,24
446,7,morning,07:25:00,25
447,7,morning,07:26:00,26
448,7,morning,07:27:00,27
449,7,morning,07:28:00,28
450,7,morning,07:29:00,29
451,7,morning,07:30:00,30
452,7,morning,07:31:00,31
453,7,morning,07:32:00,32
454,7,morning,07:33:00,33
455,7,morning,07:34:00,34
456,7,morning,07:35:00,35
457,7,morning,07:36:00,36
458,7,morning,07:37:00,37
459,7,morning,07:38:00,38
460,7,morning,07:39:00,39
461,7,morning,07:40:00,40
462,7,morning,07:41:00,41
463,7,morning,07:42:00,42
464,7,morning,07:43:00,43
465,7,morning,07:44:00,44
466,7,morning,07:45:00,45
467,7,morning,07:46:00,46
468,7,morning,07:47:00,47
469,7,morning,07:48:00,48
470,7,morning,07:49:00,49
471,7,morning,07:50:00,50
472,7,morning,07:51:00,51
473,7,morning,07:52:00,52
474,7,morning,07:53:00,53
475,7,morning,07:54:00,54
476,7,morning,07:55:00,55
477,7,morning,07:56:00,56
478,7,morning,07:57:00,57
479,7,morning,07:58:00,58
480,7,morning,07:59:00,59
481,8,morning,08:00:00,0
482,8,morning,08:01:00,1
483,8,morning,08:02:00,2
484,8,morning,08:03:00,3
485,8,morning,08:04:00,4
486,8,morning,08:05:00,5
487,8,morning,08:06:00,6
488,8,morning,08:07:00,7
489,8,morning,08:08:00,8
490,8,morning,08:09:00,9
491,8,morning,08:10:00,10
492,8,morning,08:11:00,11
493,8,morning,08:12:00,12
494,8,morning,08:13:00,13
495,8,morning,08:14:00,14
496,8,morning,08:15:00,15
497,8,morning,08:16:00,16
498,8,morning,08:17:00,17
499,8,morning,08:18:00,18
500,8,morning,08:19:00,19
501,8,morning,08:20:00,20
502,8,morning,08:21:00,21
503,8,morning,08:22:00,22
504,8,morning,08:23:00,23
505,8,morning,08:24:00,24
506,8,morning,08:25:00,25
507,8,morning,08:26:00,26
508,8,morning,08:27:00,27
509,8,morning,08:28:00,28
510,8,morning,08:29:00,29
511,8,morning,08:30:00,30
512,8,morning,08:31:00,31
513,8,morning,08:32:00,32
514,8,morning,08:33:00,33
515,8,morning,08:34:00,34
516,8,morning,08:35:00,35
517,8,morning,08:36:00,36
518,8,morning,08:37:00,37
519,8,morning,08:38:00,38
520,8,morning,08:39:00,39
521,8,morning,08:40:00,40
522,8,morning,08:41:00,41
523,8,morning,08:42:00,42
524,8,morning,08:43:00,43
525,8,morning,08:44:00,44
526,8,morning,08:45:00,45
527,8,morning,08:46:00,46
528,8,morning,08:47:00,47
529,8,morning,08:48:00,48
530,8,morning,08:49:00,49
531,8,morning,08:50:00,50
532,8,morning,08:51:00,51
533,8,morning,08:52:00,52
534,8,morning,08:53:00,53
535,8,morning,08:54:00,54
536,8,morning,08:55:00,55
537,8,morning,08:56:00,56
538,8,morning,08:57:00,57
539,8,morning,08:58:00,58
540,8,morning,08:59:00,59
541,9,morning,09:00:00,0
542,9,morning,09:01:00,1
543,9,morning,09:02:00,2
544,9,morning,09:03:00,3
545,9,morning,09:04:00,4
546,9,morning,09:05:00,5
547,9,morning,09:06:00,6
548,9,morning,09:07:00,7
549,9,morning,09:08:00,8
550,9,morning,09:09:00,9
551,9,morning,09:10:00,10
552,9,morning,09:11:00,11
553,9,morning,09:12:00,12
554,9,morning,09:13:00,13
555,9,morning,09:14:00,14
556,9,morning,09:15:00,15
557,9,morning,09:16:00,16
558,9,morning,09:17:00,17
559,9,morning,09:18:00,18
560,9,morning,09:19:00,19
561,9,morning,09:20:00,20
562,9,morning,09:21:00,21
563,9,morning,09:22:00,22
564,9,morning,09:23:00,23
565,9,morning,09:24:00,24
566,9,morning,09:25:00,25
567,9,morning,09:26:00,26
568,9,morning,09:27:00,27
569,9,morning,09:28:00,28
570,9,morning,09:29:00,29
571,9,morning,09:30:00,30
572,9,morning,09:31:00,31
573,9,morning,09:32:00,32
574,9,morning,09:33:00,33
575,9,morning,09:34:00,34
576,9,morning,09:35:00,35
577,9,morning,09:36:00,36
578,9,morning,09:37:00,37
579,9,morning,09:38:00,38
580,9,morning,09:39:00,39
581,9,morning,09:40:00,40
582,9,morning,09:41:00,41
583,9,morning,09:42:00,42
584,9,morning,09:43:00,43
585,9,morning,09:44:00,44
586,9,morning,09:45:00,45
587,9,morning,09:46:00,46
588,9,morning,09:47:00,47
589,9,morning,09:48:00,48
590,9,morning,09:49:00,49
591,9,morning,09:50:00,50
592,9,morning,09:51:00,51
593,9,morning,09:52:00,52
594,9,morning,09:53:00,53
595,9,morning,09:54:00,54
596,9,morning,09:55:00,55
597,9,morning,09:56:00,56
598,9,morning,09:57:00,57
599,9,morning,09:58:00,58
600,9,morning,09:59:00,59
601,10,morning,10:00:00,0
602,10,morning,10:01:00,1
603,10,morning,10:02:00,2
604,10,morning,10:03:00,3
605,10,morning,10:04:00,4
606,10,morning,10:05:00,5
607,10,morning,10:06:00,6
608,10,morning,10:07:00,7
609,10,morning,10:08:00,8
610,10,morning,10:09:00,9
611,10,morning,10:10:00,10
612,10,morning,10:11:00,11
613,10,morning,10:12:00,12
614,10,morning,10:13:00,13
615,10,morning,10:14:00,14
616,10,morning,10:15:00,15
617,10,morning,10:16:00,16
618,10,morning,10:17:00,17
619,10,morning,10:18:00,18
620,10,morning,10:19:00,19
621,10,morning,10:20:00,20
622,10,morning,10:21:00,21
623,10,morning,10:22:00,22
624,10,morning,10:23:00,23
625,10,morning,10:24:00,24
626,10,morning,10:25:00,25
627,10,morning,10:26:00,26
628,10,morning,10:27:00,27
629,10,morning,10:28:00,28
630,10,morning,10:29:00,29
631,10,morning,10:30:00,30
632,10,morning,10:31:00,31
633,10,morning,10:32:00,32
634,10,morning,10:33:00,33
635,10,morning,10:34:00,34
636,10,morning,10:35:00,35
637,10,morning,10:36:00,36
638,10,morning,10:37:00,37
639,10,morning,10:38:00,38
640,10,morning,10:39:00,39
641,10,morning,10:40:00,40
642,10,morning,10:41:00,41
643,10,morning,10:42:00,42
644,10,morning,10:43:00,43
645,10,morning,10:44:00,44
646,10,morning,10:45:00,45
647,10,morning,10:46:00,46
648,10,morning,10:47:00,47
649,10,morning,10:48:00,48
650,10,morning,10:49:00,49
651,10,morning,10:50:00,50
652,10,morning,10:51:00,51
653,10,morning,10:52:00,52
654,10,morning,10:53:00,53
655,10,morning,10:54:00,54
656,10,morning,10:55:00,55
657,10,morning,10:56:00,56
658,10,morning,10:57:00,57
659,10,morning,10:58:00,58
660,10,morning,10:59:00,59
661,11,morning,11:00:00,0
662,11,morning,11:01:00,1
663,11,morning,11:02:00,2
664,11,morning,11:03:00,3
665,11,morning,11:04:00,4
666,11,morning,11:05:00,5
667,11,morning,11:06:00,6
668,11,morning,11:07:00,7
669,11,morning,11:08:00,8
670,11,morning,11:09:00,9
671,11,morning,11:10:00,10
672,11,morning,11:11:00,11
673,11,morning,11:12:00,12
674,11,morning,11:13:00,13
675,11,morning,11:14:00,14
676,11,morning,11:15:00,15
677,11,morning,11:16:00,16
678,11,morning,11:17:00,17
679,11,morning,11:18:00,18
680,11,morning,11:19:00,19
681,11,morning,11:20:00,20
682,11,morning,11:21:00,21
683,11,morning,11:22:00,22
684,11,morning,11:23:00,23
685,11,morning,11:24:00,24
686,11,morning,11:25:00,25
687,11,morning,11:26:00,26
688,11,morning,11:27:00,27
689,11,morning,11:28:00,28
690,11,morning,11:29:00,29
691,11,morning,11:30:00,30
692,11,morning,11:31:00,31
693,11,morning,11:32:00,32
694,11,morning,11:33:00,33
695,11,morning,11:34:00,34
696,11,morning,11:35:00,35
697,11,morning,11:36:00,36
698,11,morning,11:37:00,37
699,11,morning,11:38:00,38
700,11,morning,11:39:00,39
701,11,morning,11:40:00,40
702,11,morning,11:41:00,41
703,11,morning,11:42:00,42
704,11,morning,11:43:00,43
705,11,morning,11:44:00,44
706,11,morning,11:45:00,45
707,11,morning,11:46:00,46
708,11,morning,11:47:00,47
709,11,morning,11:48:00,48
710,11,morning,11:49:00,49
711,11,morning,11:50:00,50
712,11,morning,11:51:00,51
713,11,morning,11:52:00,52
714,11,morning,11:53:00,53
715,11,morning,11:54:00,54
716,11,morning,11:55:00,55
717,11,morning,11:56:00,56
718,11,morning,11:57:00,57
719,11,morning,11:58:00,58
720,11,morning,11:59:00,59
721,12,afternoon,12:00:00,0
722,12,afternoon,12:01:00,1
723,12,afternoon,12:02:00,2
724,12,afternoon,12:03:00,3
725,12,afternoon,12:04:00,4
726,12,afternoon,12:05:00,5
727,12,afternoon,12:06:00,6
728,12,afternoon,12:07:00,7
729,12,afternoon,12:08:00,8
730,12,afternoon,12:09:00,9
731,12,afternoon,12:10:00,10
732,12,afternoon,12:11:00,11
733,12,afternoon,12:12:00,12
734,12,afternoon,12:13:00,13
735,12,afternoon,12:14:00,14
736,12,afternoon,12:15:00,15
737,12,afternoon,12:16:00,16
738,12,afternoon,12:17:00,17
739,12,afternoon,12:18:00,18
740,12,afternoon,12:19:00,19
741,12,afternoon,12:20:00,20
742,12,afternoon,12:21:00,21
743,12,afternoon,12:22:00,22
744,12,afternoon,12:23:00,23
745,12,afternoon,12:24:00,24
746,12,afternoon,12:25:00,25
747,12,afternoon,12:26:00,26
748,12,afternoon,12:27:00,27
749,12,afternoon,12:28:00,28
750,12,afternoon,12:29:00,29
751,12,afternoon,12:30:00,30
752,12,afternoon,12:31:00,31
753,12,afternoon,12:32:00,32
754,12,afternoon,12:33:00,33
755,12,afternoon,12:34:00,34
756,12,afternoon,12:35:00,35
757,12,afternoon,12:36:00,36
758,12,afternoon,12:37:00,37
759,12,afternoon,12:38:00,38
760,12,afternoon,12:39:00,39
761,12,afternoon,12:40:00,40
762,12,afternoon,12:41:00,41
763,12,afternoon,12:42:00,42
764,12,afternoon,12:43:00,43
765,12,afternoon,12:44:00,44
766,12,afternoon,12:45:00,45
767,12,afternoon,12:46:00,46
768,12,afternoon,12:47:00,47
769,12,afternoon,12:48:00,48
770,12,afternoon,12:49:00,49
771,12,afternoon,12:50:00,50
772,12,afternoon,12:51:00,51
773,12,afternoon,12:52:00,52
774,12,afternoon,12:53:00,53
775,12,afternoon,12:54:00,54
776,12,afternoon,12:55:00,55
777,12,afternoon,12:56:00,56
778,12,afternoon,12:57:00,57
779,12,afternoon,12:58:00,58
780,12,afternoon,12:59:00,59
781,13,afternoon,13:00:00,0
782,13,afternoon,13:01:00,1
783,13,afternoon,13:02:00,2
784,13,afternoon,13:03:00,3
785,13,afternoon,13:04:00,4
786,13,afternoon,13:05:00,5
787,13,afternoon,13:06:00,6
788,13,afternoon,13:07:00,7
789,13,afternoon,13:08:00,8
790,13,afternoon,13:09:00,9
791,13,afternoon,13:10:00,10
792,13,afternoon,13:11:00,11
793,13,afternoon,13:12:00,12
794,13,afternoon,13:13:00,13
795,13,afternoon,13:14:00,14
796,13,afternoon,13:15:00,15
797,13,afternoon,13:16:00,16
798,13,afternoon,13:17:00,17
799,13,afternoon,13:18:00,18
800,13,afternoon,13:19:00,19
801,13,afternoon,13:20:00,20
802,13,afternoon,13:21:00,21
803,13,afternoon,13:22:00,22
804,13,afternoon,13:23:00,23
805,13,afternoon,13:24:00,24
806,13,afternoon,13:25:00,25
807,13,afternoon,13:26:00,26
808,13,afternoon,13:27:00,27
809,13,afternoon,13:28:00,28
810,13,afternoon,13:29:00,29
811,13,afternoon,13:30:00,30
812,13,afternoon,13:31:00,31
813,13,afternoon,13:32:00,32
814,13,afternoon,13:33:00,33
815,13,afternoon,13:34:00,34
816,13,afternoon,13:35:00,35
817,13,afternoon,13:36:00,36
818,13,afternoon,13:37:00,37
819,13,afternoon,13:38:00,38
820,13,afternoon,13:39:00,39
821,13,afternoon,13:40:00,40
822,13,afternoon,13:41:00,41
823,13,afternoon,13:42:00,42
824,13,afternoon,13:43:00,43
825,13,afternoon,13:44:00,44
826,13,afternoon,13:45:00,45
827,13,afternoon,13:46:00,46
828,13,afternoon,13:47:00,47
829,13,afternoon,13:48:00,48
830,13,afternoon,13:49:00,49
831,13,afternoon,13:50:00,50
832,13,afternoon,13:51:00,51
833,13,afternoon,13:52:00,52
834,13,afternoon,13:53:00,53
835,13,afternoon,13:54:00,54
836,13,afternoon,13:55:00,55
837,13,afternoon,13:56:00,56
838,13,afternoon,13:57:00,57
839,13,afternoon,13:58:00,58
840,13,afternoon,13:59:00,59
841,14,afternoon,14:00:00,0
842,14,afternoon,14:01:00,1
843,14,afternoon,14:02:00,2
844,14,afternoon,14:03:00,3
845,14,afternoon,14:04:00,4
846,14,afternoon,14:05:00,5
847,14,afternoon,14:06:00,6
848,14,afternoon,14:07:00,7
849,14,afternoon,14:08:00,8
850,14,afternoon,14:09:00,9
851,14,afternoon,14:10:00,10
852,14,afternoon,14:11:00,11
853,14,afternoon,14:12:00,12
854,14,afternoon,14:13:00,13
855,14,afternoon,14:14:00,14
856,14,afternoon,14:15:00,15
857,14,afternoon,14:16:00,16
858,14,afternoon,14:17:00,17
859,14,afternoon,14:18:00,18
860,14,afternoon,14:19:00,19
861,14,afternoon,14:20:00,20
862,14,afternoon,14:21:00,21
863,14,afternoon,14:22:00,22
864,14,afternoon,14:23:00,23
865,14,afternoon,14:24:00,24
866,14,afternoon,14:25:00,25
867,14,afternoon,14:26:00,26
868,14,afternoon,14:27:00,27
869,14,afternoon,14:28:00,28
870,14,afternoon,14:29:00,29
871,14,afternoon,14:30:00,30
872,14,afternoon,14:31:00,31
873,14,afternoon,14:32:00,32
874,14,afternoon,14:33:00,33
875,14,afternoon,14:34:00,34
876,14,afternoon,14:35:00,35
877,14,afternoon,14:36:00,36
878,14,afternoon,14:37:00,37
879,14,afternoon,14:38:00,38
880,14,afternoon,14:39:00,39
881,14,afternoon,14:40:00,40
882,14,afternoon,14:41:00,41
883,14,afternoon,14:42:00,42
884,14,afternoon,14:43:00,43
885,14,afternoon,14:44:00,44
886,14,afternoon,14:45:00,45
887,14,afternoon,14:46:00,46
888,14,afternoon,14:47:00,47
889,14,afternoon,14:48:00,48
890,14,afternoon,14:49:00,49
891,14,afternoon,14:50:00,50
892,14,afternoon,14:51:00,51
893,14,afternoon,14:52:00,52
894,14,afternoon,14:53:00,53
895,14,afternoon,14:54:00,54
896,14,afternoon,14:55:00,55
897,14,afternoon,14:56:00,56
898,14,afternoon,14:57:00,57
899,14,afternoon,14:58:00,58
900,14,afternoon,14:59:00,59
901,15,afternoon,15:00:00,0
902,15,afternoon,15:01:00,1
903,15,afternoon,15:02:00,2
904,15,afternoon,15:03:00,3
905,15,afternoon,15:04:00,4
906,15,afternoon,15:05:00,5
907,15,afternoon,15:06:00,6
908,15,afternoon,15:07:00,7
909,15,afternoon,15:08:00,8
910,15,afternoon,15:09:00,9
911,15,afternoon,15:10:00,10
912,15,afternoon,15:11:00,11
913,15,afternoon,15:12:00,12
914,15,afternoon,15:13:00,13
915,15,afternoon,15:14:00,14
916,15,afternoon,15:15:00,15
917,15,afternoon,15:16:00,16
918,15,afternoon,15:17:00,17
919,15,afternoon,15:18:00,18
920,15,afternoon,15:19:00,19
921,15,afternoon,15:20:00,20
922,15,afternoon,15:21:00,21
923,15,afternoon,15:22:00,22
924,15,afternoon,15:23:00,23
925,15,afternoon,15:24:00,24
926,15,afternoon,15:25:00,25
927,15,afternoon,15:26:00,26
928,15,afternoon,15:27:00,27
929,15,afternoon,15:28:00,28
930,15,afternoon,15:29:00,29
931,15,afternoon,15:30:00,30
932,15,afternoon,15:31:00,31
933,15,afternoon,15:32:00,32
934,15,afternoon,15:33:00,33
935,15,afternoon,15:34:00,34
936,15,afternoon,15:35:00,35
937,15,afternoon,15:36:00,36
938,15,afternoon,15:37:00,37
939,15,afternoon,15:38:00,38
940,15,afternoon,15:39:00,39
941,15,afternoon,15:40:00,40
942,15,afternoon,15:41:00,41
943,15,afternoon,15:42:00,42
944,15,afternoon,15:43:00,43
945,15,afternoon,15:44:00,44
946,15,afternoon,15:45:00,45
947,15,afternoon,15:46:00,46
948,15,afternoon,15:47:00,47
949,15,afternoon,15:48:00,48
950,15,afternoon,15:49:00,49
951,15,afternoon,15:50:00,50
952,15,afternoon,15:51:00,51
953,15,afternoon,15:52:00,52
954,15,afternoon,15:53:00,53
955,15,afternoon,15:54:00,54
956,15,afternoon,15:55:00,55
957,15,afternoon,15:56:00,56
958,15,afternoon,15:57:00,57
959,15,afternoon,15:58:00,58
960,15,afternoon,15:59:00,59
961,16,afternoon,16:00:00,0
962,16,afternoon,16:01:00,1
963,16,afternoon,16:02:00,2
964,16,afternoon,16:03:00,3
965,16,afternoon,16:04:00,4
966,16,afternoon,16:05:00,5
967,16,afternoon,16:06:00,6
968,16,afternoon,16:07:00,7
969,16,afternoon,16:08:00,8
970,16,afternoon,16:09:00,9
971,16,afternoon,16:10:00,10
972,16,afternoon,16:11:00,11
973,16,afternoon,16:12:00,12
974,16,afternoon,16:13:00,13
975,16,afternoon,16:14:00,14
976,16,afternoon,16:15:00,15
977,16,afternoon,16:16:00,16
978,16,afternoon,16:17:00,17
979,16,afternoon,16:18:00,18
980,16,afternoon,16:19:00,19
981,16,afternoon,16:20:00,20
982,16,afternoon,16:21:00,21
983,16,afternoon,16:22:00,22
984,16,afternoon,16:23:00,23
985,16,afternoon,16:24:00,24
986,16,afternoon,16:25:00,25
987,16,afternoon,16:26:00,26
988,16,afternoon,16:27:00,27
989,16,afternoon,16:28:00,28
990,16,afternoon,16:29:00,29
991,16,afternoon,16:30:00,30
992,16,afternoon,16:31:00,31
993,16,afternoon,16:32:00,32
994,16,afternoon,16:33:00,33
995,16,afternoon,16:34:00,34
996,16,afternoon,16:35:00,35
997,16,afternoon,16:36:00,36
998,16,afternoon,16:37:00,37
999,16,afternoon,16:38:00,38
1000,16,afternoon,16:39:00,39
1001,16,afternoon,16:40:00,40
1002,16,afternoon,16:41:00,41
1003,16,afternoon,16:42:00,42
1004,16,afternoon,16:43:00,43
1005,16,afternoon,16:44:00,44
1006,16,afternoon,16:45:00,45
1007,16,afternoon,16:46:00,46
1008,16,afternoon,16:47:00,47
1009,16,afternoon,16:48:00,48
1010,16,afternoon,16:49:00,49
1011,16,afternoon,16:50:00,50
1012,16,afternoon,16:51:00,51
1013,16,afternoon,16:52:00,52
1014,16,afternoon,16:53:00,53
1015,16,afternoon,16:54:00,54
1016,16,afternoon,16:55:00,55
1017,16,afternoon,16:56:00,56
1018,16,afternoon,16:57:00,57
1019,16,afternoon,16:58:00,58
1020,16,afternoon,16:59:00,59
1021,17,afternoon,17:00:00,0
1022,17,afternoon,17:01:00,1
1023,17,afternoon,17:02:00,2
1024,17,afternoon,17:03:00,3
1025,17,afternoon,17:04:00,4
1026,17,afternoon,17:05:00,5
1027,17,afternoon,17:06:00,6
1028,17,afternoon,17:07:00,7
1029,17,afternoon,17:08:00,8
1030,17,afternoon,17:09:00,9
1031,17,afternoon,17:10:00,10
1032,17,afternoon,17:11:00,11
1033,17,afternoon,17:12:00,12
1034,17,afternoon,17:13:00,13
1035,17,afternoon,17:14:00,14
1036,17,afternoon,17:15:00,15
1037,17,afternoon,17:16:00,16
1038,17,afternoon,17:17:00,17
1039,17,afternoon,17:18:00,18
1040,17,afternoon,17:19:00,19
1041,17,afternoon,17:20:00,20
1042,17,afternoon,17:21:00,21
1043,17,afternoon,17:22:00,22
1044,17,afternoon,17:23:00,23
1045,17,afternoon,17:24:00,24
1046,17,afternoon,17:25:00,25
1047,17,afternoon,17:26:00,26
1048,17,afternoon,17:27:00,27
1049,17,afternoon,17:28:00,28
1050,17,afternoon,17:29:00,29
1051,17,afternoon,17:30:00,30
1052,17,afternoon,17:31:00,31
1053,17,afternoon,17:32:00,32
1054,17,afternoon,17:33:00,33
1055,17,afternoon,17:34:00,34
1056,17,afternoon,17:35:00,35
1057,17,afternoon,17:36:00,36
1058,17,afternoon,17:37:00,37
1059,17,afternoon,17:38:00,38
1060,17,afternoon,17:39:00,39
1061,17,afternoon,17:40:00,40
1062,17,afternoon,17:41:00,41
1063,17,afternoon,17:42:00,42
1064,17,afternoon,17:43:00,43
1065,17,afternoon,17:44:00,44
1066,17,afternoon,17:45:00,45
1067,17,afternoon,17:46:00,46
1068,17,afternoon,17:47:00,47
1069,17,afternoon,17:48:00,48
1070,17,afternoon,17:49:00,49
1071,17,afternoon,17:50:00,50
1072,17,afternoon,17:51:00,51
1073,17,afternoon,17:52:00,52
1074,17,afternoon,17:53:00,53
1075,17,afternoon,17:54:00,54
1076,17,afternoon,17:55:00,55
1077,17,afternoon,17:56:00,56
1078,17,afternoon,17:57:00,57
1079,17,afternoon,17:58:00,58
1080,17,afternoon,17:59:00,59
1081,18,evening,18:00:00,0
1082,18,evening,18:01:00,1
1083,18,evening,18:02:00,2
1084,18,evening,18:03:00,3
1085,18,evening,18:04:00,4
1086,18,evening,18:05:00,5
1087,18,evening,18:06:00,6
1088,18,evening,18:07:00,7
1089,18,evening,18:08:00,8
1090,18,evening,18:09:00,9
1091,18,evening,18:10:00,10
1092,18,evening,18:11:00,11
1093,18,evening,18:12:00,12
1094,18,evening,18:13:00,13
1095,18,evening,18:14:00,14
1096,18,evening,18:15:00,15
1097,18,evening,18:16:00,16
1098,18,evening,18:17:00,17
1099,18,evening,18:18:00,18
1100,18,evening,18:19:00,19
1101,18,evening,18:20:00,20
1102,18,evening,18:21:00,21
1103,18,evening,18:22:00,22
1104,18,evening,18:23:00,23
1105,18,evening,18:24:00,24
1106,18,evening,18:25:00,25
1107,18,evening,18:26:00,26
1108,18,evening,18:27:00,27
1109,18,evening,18:28:00,28
1110,18,evening,18:29:00,29
1111,18,evening,18:30:00,30
1112,18,evening,18:31:00,31
1113,18,evening,18:32:00,32
1114,18,evening,18:33:00,33
1115,18,evening,18:34:00,34
1116,18,evening,18:35:00,35
1117,18,evening,18:36:00,36
1118,18,evening,18:37:00,37
1119,18,evening,18:38:00,38
1120,18,evening,18:39:00,39
1121,18,evening,18:40:00,40
1122,18,evening,18:41:00,41
1123,18,evening,18:42:00,42
1124,18,evening,18:43:00,43
1125,18,evening,18:44:00,44
1126,18,evening,18:45:00,45
1127,18,evening,18:46:00,46
1128,18,evening,18:47:00,47
1129,18,evening,18:48:00,48
1130,18,evening,18:49:00,49
1131,18,evening,18:50:00,50
1132,18,evening,18:51:00,51
1133,18,evening,18:52:00,52
1134,18,evening,18:53:00,53
1135,18,evening,18:54:00,54
1136,18,evening,18:55:00,55
1137,18,evening,18:56:00,56
1138,18,evening,18:57:00,57
1139,18,evening,18:58:00,58
1140,18,evening,18:59:00,59
1141,19,evening,19:00:00,0
1142,19,evening,19:01:00,1
1143,19,evening,19:02:00,2
1144,19,evening,19:03:00,3
1145,19,evening,19:04:00,4
1146,19,evening,19:05:00,5
1147,19,evening,19:06:00,6
1148,19,evening,19:07:00,7
1149,19,evening,19:08:00,8
1150,19,evening,19:09:00,9
1151,19,evening,19:10:00,10
1152,19,evening,19:11:00,11
1153,19,evening,19:12:00,12
1154,19,evening,19:13:00,13
1155,19,evening,19:14:00,14
1156,19,evening,19:15:00,15
1157,19,evening,19:16:00,16
1158,19,evening,19:17:00,17
1159,19,evening,19:18:00,18
1160,19,evening,19:19:00,19
1161,19,evening,19:20:00,20
1162,19,evening,19:21:00,21
1163,19,evening,19:22:00,22
1164,19,evening,19:23:00,23
1165,19,evening,19:24:00,24
1166,19,evening,19:25:00,25
1167,19,evening,19:26:00,26
1168,19,evening,19:27:00,27
1169,19,evening,19:28:00,28
1170,19,evening,19:29:00,29
1171,19,evening,19:30:00,30
1172,19,evening,19:31:00,31
1173,19,evening,19:32:00,32
1174,19,evening,19:33:00,33
1175,19,evening,19:34:00,34
1176,19,evening,19:35:00,35
1177,19,evening,19:36:00,36
1178,19,evening,19:37:00,37
1179,19,evening,19:38:00,38
1180,19,evening,19:39:00,39
1181,19,evening,19:40:00,40
1182,19,evening,19:41:00,41
1183,19,evening,19:42:00,42
1184,19,evening,19:43:00,43
1185,19,evening,19:44:00,44
1186,19,evening,19:45:00,45
1187,19,evening,19:46:00,46
1188,19,evening,19:47:00,47
1189,19,evening,19:48:00,48
1190,19,evening,19:49:00,49
1191,19,evening,19:50:00,50
1192,19,evening,19:51:00,51
1193,19,evening,19:52:00,52
1194,19,evening,19:53:00,53
1195,19,evening,19:54:00,54
1196,19,evening,19:55:00,55
1197,19,evening,19:56:00,56
1198,19,evening,19:57:00,57
1199,19,evening,19:58:00,58
1200,19,evening,19:59:00,59
1201,20,evening,20:00:00,0
1202,20,evening,20:01:00,1
1203,20,evening,20:02:00,2
1204,20,evening,20:03:00,3
1205,20,evening,20:04:00,4
1206,20,evening,20:05:00,5
1207,20,evening,20:06:00,6
1208,20,evening,20:07:00,7
1209,20,evening,20:08:00,8
1210,20,evening,20:09:00,9
1211,20,evening,20:10:00,10
1212,20,evening,20:11:00,11
1213,20,evening,20:12:00,12
1214,20,evening,20:13:00,13
1215,20,evening,20:14:00,14
1216,20,evening,20:15:00,15
1217,20,evening,20:16:00,16
1218,20,evening,20:17:00,17
1219,20,evening,20:18:00,18
1220,20,evening,20:19:00,19
1221,20,evening,20:20:00,20
1222,20,evening,20:21:00,21
1223,20,evening,20:22:00,22
1224,20,evening,20:23:00,23
1225,20,evening,20:24:00,24
1226,20,evening,20:25:00,25
1227,20,evening,20:26:00,26
1228,20,evening,20:27:00,27
1229,20,evening,20:28:00,28
1230,20,evening,20:29:00,29
1231,20,evening,20:30:00,30
1232,20,evening,20:31:00,31
1233,20,evening,20:32:00,32
1234,20,evening,20:33:00,33
1235,20,evening,20:34:00,34
1236,20,evening,20:35:00,35
1237,20,evening,20:36:00,36
1238,20,evening,20:37:00,37
1239,20,evening,20:38:00,38
1240,20,evening,20:39:00,39
1241,20,evening,20:40:00,40
1242,20,evening,20:41:00,41
1243,20,evening,20:42:00,42
1244,20,evening,20:43:00,43
1245,20,evening,20:44:00,44
1246,20,evening,20:45:00,45
1247,20,evening,20:46:00,46
1248,20,evening,20:47:00,47
1249,20,evening,20:48:00,48
1250,20,evening,20:49:00,49
1251,20,evening,20:50:00,50
1252,20,evening,20:51:00,51
1253,20,evening,20:52:00,52
1254,20,evening,20:53:00,53
1255,20,evening,20:54:00,54
1256,20,evening,20:55:00,55
1257,20,evening,20:56:00,56
1258,20,evening,20:57:00,57
1259,20,evening,20:58:00,58
1260,20,evening,20:59:00,59
1261,21,evening,21:00:00,0
1262,21,evening,21:01:00,1
1263,21,evening,21:02:00,2
1264,21,evening,21:03:00,3
1265,21,evening,21:04:00,4
1266,21,evening,21:05:00,5
1267,21,evening,21:06:00,6
1268,21,evening,21:07:00,7
1269,21,evening,21:08:00,8
1270,21,evening,21:09:00,9
1271,21,evening,21:10:00,10
1272,21,evening,21:11:00,11
1273,21,evening,21:12:00,12
1274,21,evening,21:13:00,13
1275,21,evening,21:14:00,14
1276,21,evening,21:15:00,15
1277,21,evening,21:16:00,16
1278,21,evening,21:17:00,17
1279,21,evening,21:18:00,18
1280,21,evening,21:19:00,19
1281,21,evening,21:20:00,20
1282,21,evening,21:21:00,21
1283,21,evening,21:22:00,22
1284,21,evening,21:23:00,23
1285,21,evening,21:24:00,24
1286,21,evening,21:25:00,25
1287,21,evening,21:26:00,26
1288,21,evening,21:27:00,27
1289,21,evening,21:28:00,28
1290,21,evening,21:29:00,29
1291,21,evening,21:30:00,30
1292,21,evening,21:31:00,31
1293,21,evening,21:32:00,32
1294,21,evening,21:33:00,33
1295,21,evening,21:34:00,34
1296,21,evening,21:35:00,35
1297,21,evening,21:36:00,36
1298,21,evening,21:37:00,37
1299,21,evening,21:38:00,38
1300,21,evening,21:39:00,39
1301,21,evening,21:40:00,40
1302,21,evening,21:41:00,41
1303,21,evening,21:42:00,42
1304,21,evening,21:43:00,43
1305,21,evening,21:44:00,44
1306,21,evening,21:45:00,45
1307,21,evening,21:46:00,46
1308,21,evening,21:47:00,47
1309,21,evening,21:48:00,48
1310,21,evening,21:49:00,49
1311,21,evening,21:50:00,50
1312,21,evening,21:51:00,51
1313,21,evening,21:52:00,52
1314,21,evening,21:53:00,53
1315,21,evening,21:54:00,54
1316,21,evening,21:55:00,55
1317,21,evening,21:56:00,56
1318,21,evening,21:57:00,57
1319,21,evening,21:58:00,58
1320,21,evening,21:59:00,59
1321,22,evening,22:00:00,0
1322,22,evening,22:01:00,1
1323,22,evening,22:02:00,2
1324,22,evening,22:03:00,3
1325,22,evening,22:04:00,4
1326,22,evening,22:05:00,5
1327,22,evening,22:06:00,6
1328,22,evening,22:07:00,7
1329,22,evening,22:08:00,8
1330,22,evening,22:09:00,9
1331,22,evening,22:10:00,10
1332,22,evening,22:11:00,11
1333,22,evening,22:12:00,12
1334,22,evening,22:13:00,13
1335,22,evening,22:14:00,14
1336,22,evening,22:15:00,15
1337,22,evening,22:16:00,16
1338,22,evening,22:17:00,17
1339,22,evening,22:18:00,18
1340,22,evening,22:19:00,19
1341,22,evening,22:20:00,20
1342,22,evening,22:21:00,21
1343,22,evening,22:22:00,22
1344,22,evening,22:23:00,23
1345,22,evening,22:24:00,24
1346,22,evening,22:25:00,25
1347,22,evening,22:26:00,26
1348,22,evening,22:27:00,27
1349,22,evening,22:28:00,28
1350,22,evening,22:29:00,29
1351,22,evening,22:30:00,30
1352,22,evening,22:31:00,31
1353,22,evening,22:32:00,32
1354,22,evening,22:33:00,33
1355,22,evening,22:34:00,34
1356,22,evening,22:35:00,35
1357,22,evening,22:36:00,36
1358,22,evening,22:37:00,37
1359,22,evening,22:38:00,38
1360,22,evening,22:39:00,39
1361,22,evening,22:40:00,40
1362,22,evening,22:41:00,41
1363,22,evening,22:42:00,42
1364,22,evening,22:43:00,43
1365,22,evening,22:44:00,44
1366,22,evening,22:45:00,45
1367,22,evening,22:46:00,46
1368,22,evening,22:47:00,47
1369,22,evening,22:48:00,48
1370,22,evening,22:49:00,49
1371,22,evening,22:50:00,50
1372,22,evening,22:51:00,51
1373,22,evening,22:52:00,52
1374,22,evening,22:53:00,53
1375,22,evening,22:54:00,54
1376,22,evening,22:55:00,55
1377,22,evening,22:56:00,56
1378,22,evening,22:57:00,57
1379,22,evening,22:58:00,58
1380,22,evening,22:59:00,59
1381,23,evening,23:00:00,0
1382,23,evening,23:01:00,1
1383,23,evening,23:02:00,2
1384,23,evening,23:03:00,3
1385,23,evening,23:04:00,4
1386,23,evening,23:05:00,5
1387,23,evening,23:06:00,6
1388,23,evening,23:07:00,7
1389,23,evening,23:08:00,8
1390,23,evening,23:09:00,9
1391,23,evening,23:10:00,10
1392,23,evening,23:11:00,11
1393,23,evening,23:12:00,12
1394,23,evening,23:13:00,13
1395,23,evening,23:14:00,14
1396,23,evening,23:15:00,15
1397,23,evening,23:16:00,16
1398,23,evening,23:17:00,17
1399,23,evening,23:18:00,18
1400,23,evening,23:19:00,19
1401,23,evening,23:20:00,20
1402,23,evening,23:21:00,21
1403,23,evening,23:22:00,22
1404,23,evening,23:23:00,23
1405,23,evening,23:24:00,24
1406,23,evening,23:25:00,25
1407,23,evening,23:26:00,26
1408,23,evening,23:27:00,27
1409,23,evening,23:28:00,28
1410,23,evening,23:29:00,29
1411,23,evening,23:30:00,30
1412,23,evening,23:31:00,31
1413,23,evening,23:32:00,32
1414,23,evening,23:33:00,33
1415,23,evening,23:34:00,34
1416,23,evening,23:35:00,35
1417,23,evening,23:36:00,36
1418,23,evening,23:37:00,37
1419,23,evening,23:38:00,38
1420,23,evening,23:39:00,39
1421,23,evening,23:40:00,40
1422,23,evening,23:41:00,41
1423,23,evening,23:42:00,42
1424,23,evening,23:43:00,43
1425,23,evening,23:44:00,44
1426,23,evening,23:45:00,45
1427,23,evening,23:46:00,46
1428,23,evening,23:47:00,47
1429,23,evening,23:48:00,48
1430,23,evening,23:49:00,49
1431,23,evening,23:50:00,50
1432,23,evening,23:51:00,51
1433,23,evening,23:52:00,52
1434,23,evening,23:53:00,53
1435,23,evening,23:54:00,54
1436,23,evening,23:55:00,55
1437,23,evening,23:56:00,56
1438,23,evening,23:57:00,57
1439,23,evening,23:58:00,58
1440,23,evening,23:59:00,59
